"Kingdom","Phylum","Class","Order","Family","Genus","Count"
"Bacteria","Pseudomonadota","Gammaproteobacteria","Enterobacterales","Psychromonadaceae","Psychromonas",229
"Bacteria","Pseudomonadota","Alphaproteobacteria","Sphingomonadales","Sphingomonadaceae","Pontixanthobacter",188
"Bacteria","Pseudomonadota","Gammaproteobacteria","Enterobacterales","Vibrionaceae","Vibrio",183
"Bacteria","Pseudomonadota","Gammaproteobacteria","Enterobacterales","Colwelliaceae","Colwellia",162
"Bacteria","Bacteroidota","Bacteroidia","Flavobacteriales","Flavobacteriaceae","Winogradskyella",155
"Bacteria","Bacteroidota","Bacteroidia","Flavobacteriales","Flavobacteriaceae","Polaribacter",151
"Bacteria","Pseudomonadota","Gammaproteobacteria","Enterobacterales","Pseudoalteromonadaceae","Pseudoalteromonas",151
"Bacteria","Pseudomonadota","Gammaproteobacteria","Pseudomonadales","Halieaceae","Seongchinamella",150
"Bacteria","Bacteroidota","Bacteroidia","Flavobacteriales","Flavobacteriaceae","Aurantivirga",146
"Bacteria","Bdellovibrionota","Bacteriovoracia","Bacteriovoracales","Bacteriovoracaceae","Peredibacter",131
"Bacteria","Bacteroidota","Bacteroidia","Flavobacteriales","Flavobacteriaceae","Tenacibaculum",120
"Bacteria","Bacteroidota","Bacteroidia","Flavobacteriales","Flavobacteriaceae","Aquimarina",117
"Bacteria","Pseudomonadota","Gammaproteobacteria","Arenicellales","Arenicellaceae","Arenicella",114
"Bacteria","Planctomycetota","Planctomycetes","Pirellulales","Pirellulaceae","Mariniblastus",108
"Bacteria","Campylobacterota","Campylobacteria","Campylobacterales","Arcobacteraceae","Arcobacter",107
"Bacteria","Verrucomicrobiota","Verrucomicrobiia","Verrucomicrobiales","Rubritaleaceae","Rubritalea",107
"Bacteria","Pseudomonadota","Gammaproteobacteria","Pseudomonadales","Endozoicomonadaceae","Endozoicomonas",104
"Bacteria","Verrucomicrobiota","Verrucomicrobiia","Verrucomicrobiales","Rubritaleaceae","Persicirhabdus",100
"Bacteria","Acidobacteriota","Thermoanaerobaculia","Thermoanaerobaculales","Thermoanaerobaculaceae","Subgroup 10",88
"Bacteria","Cyanobacteriota","Cyanobacteriia","Phormidesmiales","Phormidesmiaceae","Phormidesmis ANT.LACV5.1",88
"Bacteria","Pseudomonadota","Gammaproteobacteria","Enterobacterales","Vibrionaceae","Aliivibrio",87
"Bacteria","Pseudomonadota","Gammaproteobacteria","Granulosicoccales","Granulosicoccaceae","Granulosicoccus",87
"Bacteria","SAR324 clade(Marine group B)","Incertae Sedis","Incertae Sedis","Incertae Sedis","Candidatus Nitrosoarchaeum",87
"Bacteria","Pseudomonadota","Gammaproteobacteria","Steroidobacterales","Woeseiaceae","Woeseia",82
"Bacteria","Actinomycetota","Acidimicrobiia","Microtrichales","Ilumatobacteraceae","Ilumatobacter",81
"Bacteria","Pseudomonadota","Gammaproteobacteria","Gammaproteobacteria Incertae Sedis","Unknown Family","Marinicella",81
"Bacteria","Pseudomonadota","Gammaproteobacteria","Pseudomonadales","Endozoicomonadaceae","Parendozoicomonas",80
"Bacteria","Pseudomonadota","Alphaproteobacteria","Hyphomicrobiales","Rhizobiaceae","Pseudahrensia",76
"Bacteria","Pseudomonadota","Alphaproteobacteria","Rhodobacterales","Paracoccaceae","Yoonia",74
"Bacteria","Bacteroidota","Bacteroidia","Flavobacteriales","Cryomorphaceae","Vicingus",73
"Bacteria","Verrucomicrobiota","Verrucomicrobiia","Verrucomicrobiales","Rubritaleaceae","Roseibacillus",72
"Bacteria","Bacillota","Bacilli","Mycoplasmatales","Mycoplasmataceae","Mycoplasma",68
"Bacteria","Cyanobacteriota","Cyanobacteriia","Cyanobacteriales","Xenococcaceae","Pleurocapsa PCC-7319",61
"Bacteria","Acidobacteriota","Blastocatellia","Blastocatellales","Blastocatellaceae","Blastocatella",59
"Bacteria","Pseudomonadota","Alphaproteobacteria","Rhodobacterales","Paracoccaceae","Pikeienuella",59
"Bacteria","Pseudomonadota","Gammaproteobacteria","Enterobacterales","Vibrionaceae","Photobacterium",59
"Bacteria","Bacteroidota","Bacteroidia","Flavobacteriales","Flavobacteriaceae","Dokdonia",57
"Bacteria","Campylobacterota","Campylobacteria","Campylobacterales","Sulfurimonadaceae","Sulfurimonas",57
"Bacteria","Pseudomonadota","Alphaproteobacteria","Rhodobacterales","Paracoccaceae","Sulfitobacter",57
"Bacteria","Pseudomonadota","Gammaproteobacteria","Pseudomonadales","Pseudohongiellaceae","Pseudohongiella",57
"Bacteria","Pseudomonadota","Gammaproteobacteria","Pseudomonadales","Spongiibacteraceae","BD1-7 clade",55
"Bacteria","Pseudomonadota","Alphaproteobacteria","Caulobacterales","Hyphomonadaceae","Algimonas",52
"Bacteria","Pseudomonadota","Gammaproteobacteria","Enterobacterales","Colwelliaceae","Thalassotalea",52
"Bacteria","Fusobacteriota","Fusobacteriia","Fusobacteriales","Fusobacteriaceae","Psychrilyobacter",49
"Bacteria","Pseudomonadota","Gammaproteobacteria","Pseudomonadales","Halieaceae","OM60(NOR5) clade",49
"Bacteria","Actinomycetota","Acidimicrobiia","Microtrichales","Microtrichaceae","Sva0996 marine group",48
"Bacteria","Pseudomonadota","Gammaproteobacteria","Enterobacterales","Shewanellaceae","Shewanella",48
"Bacteria","Bacteroidota","Bacteroidia","Flavobacteriales","Flavobacteriaceae","Lutimonas",47
"Bacteria","Bacteroidota","Bacteroidia","Chitinophagales","Saprospiraceae","Lewinella",46
"Bacteria","Bacteroidota","Bacteroidia","Flavobacteriales","Flavobacteriaceae","Aquibacter",46
"Bacteria","Bdellovibrionota","Bdellovibrionia","Bdellovibrionales","Pseudobdellovibrionaceae","OM27 clade",46
"Bacteria","Planctomycetota","Planctomycetes","Pirellulales","Pirellulaceae","Bremerella",45
"Bacteria","Pseudomonadota","Gammaproteobacteria","Beggiatoales","Leucotrichaceae","Cocleimonas",45
"Bacteria","Pseudomonadota","Alphaproteobacteria","Rhodobacterales","Paracoccaceae","Loktanella",44
"Bacteria","Bacteroidota","Bacteroidia","Bacteroidales","Marinifilaceae","Ancylomarina",43
"Bacteria","Bacteroidota","Bacteroidia","Flavobacteriales","Flavobacteriaceae","Flavirhabdus",41
"Bacteria","Pseudomonadota","Gammaproteobacteria","Beggiatoales","Leucotrichaceae","Leucothrix",41
"Bacteria","Pseudomonadota","Gammaproteobacteria","Pseudomonadales","Thioglobaceae","SUP05 cluster",41
"Bacteria","Bacteroidota","Bacteroidia","Flavobacteriales","Flavobacteriaceae","Olleya",40
"Bacteria","Pseudomonadota","Gammaproteobacteria","Pseudomonadales","Oleiphilaceae","Oleiphilus",40
"Bacteria","Pseudomonadota","Alphaproteobacteria","Caulobacterales","Hyphomonadaceae","Litorimonas",39
"Bacteria","Pseudomonadota","Alphaproteobacteria","Sphingomonadales","Sphingomonadaceae","Parasphingorhabdus",39
"Bacteria","Pseudomonadota","Gammaproteobacteria","Francisellales","Francisellaceae","Francisella",39
"Bacteria","Pseudomonadota","Gammaproteobacteria","Pseudomonadales","Halieaceae","Halioglobus",39
"Bacteria","Bacteroidota","Bacteroidia","Flavobacteriales","Flavobacteriaceae","Maribacter",38
"Bacteria","Pseudomonadota","Alphaproteobacteria","Rickettsiales","Rickettsiaceae","Candidatus Megaira",38
"Bacteria","Pseudomonadota","Gammaproteobacteria","Enterobacterales","Kangiellaceae","Aliikangiella",38
"Bacteria","Bacteroidota","Bacteroidia","Flavobacteriales","Flavobacteriaceae","NS5 marine group",37
"Bacteria","Pseudomonadota","Alphaproteobacteria","Sphingomonadales","Sphingomonadaceae","Sphingomicrobium",37
"Bacteria","Pseudomonadota","Gammaproteobacteria","Pseudomonadales","Porticoccaceae","SAR92 clade",37
"Bacteria","Verrucomicrobiota","Kiritimatiellia","Kiritimatiellales","Kiritimatiellaceae","R76-B128",37
"Bacteria","Pseudomonadota","Alphaproteobacteria","Caulobacterales","Hyphomonadaceae","Robiginitomaculum",36
"Bacteria","Bacteroidota","Bacteroidia","Flavobacteriales","Flavobacteriaceae","Pricia",35
"Bacteria","Pseudomonadota","Alphaproteobacteria","Caulobacterales","Hyphomonadaceae","Hellea",35
"Bacteria","Deinococcota","Deinococci","Deinococcales","Trueperaceae","Truepera",34
"Bacteria","Pseudomonadota","Alphaproteobacteria","Rhodobacterales","Paracoccaceae","Roseobacter clade NAC11-7 lineage",34
"Bacteria","Planctomycetota","Planctomycetes","Pirellulales","Pirellulaceae","Rubripirellula",33
"Bacteria","Thermodesulfobacteriota","Desulfuromonadia","Bradymonadales","Incertae Sedis","SKP-2",33
"Bacteria","Bacillota","Clostridia","Peptostreptococcales-Tissierellales","Fusibacteraceae","Fusibacter",31
"Bacteria","Bacteroidota","Bacteroidia","Chitinophagales","Saprospiraceae","Portibacter",31
"Bacteria","Verrucomicrobiota","Verrucomicrobiia","Opitutales","Puniceicoccaceae","Lentimonas",31
"Bacteria","Bacteroidota","Bacteroidia","Flavobacteriales","Crocinitomicaceae","Crocinitomix",30
"Bacteria","Bacteroidota","Bacteroidia","Flavobacteriales","Flavobacteriaceae","Aureibaculum",30
"Bacteria","Pseudomonadota","Alphaproteobacteria","Rhodobacterales","Paracoccaceae","Amylibacter",30
"Bacteria","Pseudomonadota","Gammaproteobacteria","Enterobacterales","Moritellaceae","Moritella",30
"Bacteria","Pseudomonadota","Alphaproteobacteria","Rhodobacterales","Paracoccaceae","Octadecabacter",29
"Bacteria","Pseudomonadota","Gammaproteobacteria","Enterobacterales","Pseudoalteromonadaceae","Psychrosphaera",29
"Bacteria","Bacteroidota","Bacteroidia","Cytophagales","Cyclobacteriaceae","Fulvivirga",28
"Bacteria","Bacteroidota","Bacteroidia","Cytophagales","Cyclobacteriaceae","Roseivirga",28
"Bacteria","Verrucomicrobiota","Verrucomicrobiia","Verrucomicrobiales","Rubritaleaceae","Luteolibacter",28
"Bacteria","Pseudomonadota","Alphaproteobacteria","Rhodobacterales","Paracoccaceae","Actibacterium",27
"Bacteria","Bacteroidota","Bacteroidia","Cytophagales","Cyclobacteriaceae","Reichenbachiella",26
"Bacteria","Planctomycetota","Planctomycetes","Pirellulales","Pirellulaceae","Rhodopirellula",26
"Bacteria","Pseudomonadota","Alphaproteobacteria","Rhodobacterales","Paracoccaceae","Maribius",26
"Bacteria","Bacteroidota","Bacteroidia","Bacteroidales","Prolixibacteraceae","Draconibacterium",25
"Bacteria","Bacteroidota","Bacteroidia","Flavobacteriales","Flavobacteriaceae","Pibocella",25
"Bacteria","Bacteroidota","Bacteroidia","Flavobacteriales","Flavobacteriaceae","Psychroserpens",25
"Bacteria","Pseudomonadota","Alphaproteobacteria","Hyphomicrobiales","Devosiaceae","Maritalea",25
"Bacteria","Bacteroidota","Bacteroidia","Flavobacteriales","Flavobacteriaceae","Flavobacterium",24
"Bacteria","Bacteroidota","Bacteroidia","Flavobacteriales","Flavobacteriaceae","Formosa",24
"Bacteria","Fusobacteriota","Fusobacteriia","Fusobacteriales","Fusobacteriaceae","Fusobacterium",24
"Bacteria","Pseudomonadota","Alphaproteobacteria","Rickettsiales","Rickettsiaceae","Candidatus Cryptoprodotis",24
"Bacteria","Pseudomonadota","Gammaproteobacteria","Arenicellales","Arenicellaceae","HTCC5015",24
"Bacteria","Pseudomonadota","Gammaproteobacteria","Burkholderiales","Methylophilaceae","OM43 clade",24
"Bacteria","Pseudomonadota","Gammaproteobacteria","Pseudomonadales","Marinomonadaceae","Marinomonas",24
"Bacteria","Verrucomicrobiota","Omnitrophia","Omnitrophales","Omnitrophaceae","Candidatus Omnitrophus",24
"Bacteria","Bacteroidota","Bacteroidia","Flavobacteriales","Flavobacteriaceae","Ulvibacter",23
"Bacteria","Planctomycetota","Planctomycetes","Pirellulales","Pirellulaceae","Pirellula",23
"Bacteria","Pseudomonadota","Gammaproteobacteria","Enterobacterales","Alteromonadaceae","Paraglaciecola",23
"Bacteria","Fibrobacterota","Chitinivibrionia","Chitinivibrionales","Chitinivibrionaceae","possible genus 03",22
"Bacteria","Pseudomonadota","Alphaproteobacteria","Hyphomicrobiales","Hyphomicrobiaceae","Filomicrobium",22
"Bacteria","Pseudomonadota","Alphaproteobacteria","Rickettsiales","Midichloriaceae","MD3-55",22
"Bacteria","Pseudomonadota","Gammaproteobacteria","Enterobacterales","Alteromonadaceae","Glaciecola",22
"Bacteria","Pseudomonadota","Gammaproteobacteria","Pseudomonadales","Halieaceae","Marimicrobium",22
"Bacteria","Pseudomonadota","Gammaproteobacteria","Pseudomonadales","Nitrincolaceae","Marinobacterium",22
"Bacteria","Acidobacteriota","Holophagae","Acanthopleuribacterales","Acanthopleuribacteraceae","Acanthopleuribacter",21
"Bacteria","Bacteroidota","Bacteroidia","Flavobacteriales","Flavobacteriaceae","Lacinutrix",21
"Bacteria","Pseudomonadota","Gammaproteobacteria","Pseudomonadales","Endozoicomonadaceae","Kistimonas",21
"Bacteria","Verrucomicrobiota","Verrucomicrobiia","Verrucomicrobiales","Rubritaleaceae","Haloferula",21
"Bacteria","Bacteroidota","Bacteroidia","Flavobacteriales","Flavobacteriaceae","Jejudonia",20
"Bacteria","Bacteroidota","Bacteroidia","Flavobacteriales","Flavobacteriaceae","Kordia",20
"Bacteria","Bacteroidota","Bacteroidia","Flavobacteriales","Flavobacteriaceae","NS4 marine group",20
"Bacteria","Bacteroidota","Bacteroidia","Flavobacteriales","Flavobacteriaceae","Robiginitalea",20
"Bacteria","Cyanobacteriota","Cyanobacteriia","Synechococcales","Cyanobiaceae","Synechococcus CC9902",20
"Bacteria","Myxococcota","Polyangiia","Polyangiales","Sandaracinaceae","Sandaracinus",20
"Bacteria","Planctomycetota","Phycisphaerae","Phycisphaerales","Phycisphaeraceae","Phycisphaera",20
"Bacteria","Planctomycetota","Phycisphaerae","Phycisphaerales","Phycisphaeraceae","SM1A02",20
"Bacteria","Pseudomonadota","Alphaproteobacteria","Pelagibacterales","Clade I","Clade Ia",20
"Bacteria","Pseudomonadota","Alphaproteobacteria","Sphingomonadales","Sphingomonadaceae","Aurantiacibacter",20
"Bacteria","Pseudomonadota","Gammaproteobacteria","Pseudomonadales","Moraxellaceae","Acinetobacter",20
"Bacteria","Thermodesulfobacteriota","Desulfobacteria","Desulfobacterales","Desulfosarcinaceae","Sva0081 sediment group",20
"Bacteria","Bacteroidota","Bacteroidia","Cytophagales","Cyclobacteriaceae","Ekhidna",19
"Bacteria","Bacteroidota","Bacteroidia","Flavobacteriales","Flavobacteriaceae","Algibacter",19
"Bacteria","Pseudomonadota","Alphaproteobacteria","Rhodobacterales","Paracoccaceae","Planktotalea",19
"Bacteria","Pseudomonadota","Alphaproteobacteria","Sphingomonadales","Sphingomonadaceae","Qipengyuania",19
"Bacteria","Pseudomonadota","Gammaproteobacteria","Burkholderiales","Alcaligenaceae","Verticiella",19
"Bacteria","Bacillota","Bacilli","Staphylococcales","Staphylococcaceae","Staphylococcus",18
"Bacteria","Pseudomonadota","Alphaproteobacteria","Kordiimonadales","Kordiimonadaceae","Kordiimonas",18
"Bacteria","Pseudomonadota","Gammaproteobacteria","Coxiellales","Coxiellaceae","Coxiella",18
"Bacteria","Pseudomonadota","Gammaproteobacteria","Enterobacterales","Kangiellaceae","Kangiella",18
"Bacteria","Pseudomonadota","Gammaproteobacteria","Pseudomonadales","Saccharospirillaceae","Oleispira",18
"Bacteria","Verrucomicrobiota","Verrucomicrobiia","Opitutales","Puniceicoccaceae","MB11C04 marine group",18
"Bacteria","Bacillota","Clostridia","Clostridiales","Clostridiaceae","Clostridium",17
"Bacteria","Bacteroidota","Bacteroidia","Flavobacteriales","Cryomorphaceae","NS10 marine group",17
"Bacteria","Bacteroidota","Bacteroidia","Flavobacteriales","Flavobacteriaceae","Gaetbulibacter",17
"Bacteria","Bacteroidota","Bacteroidia","Flavobacteriales","Flavobacteriaceae","Maritimimonas",17
"Bacteria","Campylobacterota","Campylobacteria","Campylobacterales","Sulfurovaceae","Sulfurovum",17
"Bacteria","Fusobacteriota","Fusobacteriia","Fusobacteriales","Fusobacteriaceae","Propionigenium",17
"Bacteria","Planctomycetota","Planctomycetes","Pirellulales","Pirellulaceae","Pir4 lineage",17
"Bacteria","Pseudomonadota","Gammaproteobacteria","Chromatiales","Sedimenticolaceae","Sedimenticola",17
"Bacteria","Pseudomonadota","Gammaproteobacteria","Enterobacterales","Enterobacteriaceae","Escherichia-Shigella",17
"Bacteria","Pseudomonadota","Gammaproteobacteria","Pseudomonadales","Moraxellaceae","Enhydrobacter",17
"Bacteria","Nitrospirota","Nitrospiria","Nitrospirales","Nitrospiraceae","Nitrospira",16
"Bacteria","Planctomycetota","Planctomycetes","Planctomycetales","Rubinisphaeraceae","Planctomicrobium",16
"Bacteria","Pseudomonadota","Gammaproteobacteria","Burkholderiales","Nitrosomonadaceae","Nitrosomonas",16
"Bacteria","Pseudomonadota","Gammaproteobacteria","Pseudomonadales","Moraxellaceae","Psychrobacter",16
"Bacteria","Bacteroidota","Bacteroidia","Flavobacteriales","Cryomorphaceae","Owenweeksia",15
"Bacteria","Bacteroidota","Bacteroidia","Flavobacteriales","Flavobacteriaceae","Pseudozobellia",15
"Bacteria","Cyanobacteriota","Cyanobacteriia","Phormidesmiales","Phormidesmiaceae","Acrophormium PCC-7375",15
"Bacteria","Pseudomonadota","Alphaproteobacteria","Hyphomicrobiales","Hyphomicrobiales Incertae Sedis","Anderseniella",15
"Bacteria","Pseudomonadota","Alphaproteobacteria","Puniceispirillales","SAR116 clade","Candidatus Puniceispirillum",15
"Bacteria","Pseudomonadota","Alphaproteobacteria","Rhodobacterales","Paracoccaceae","Litoreibacter",15
"Bacteria","Pseudomonadota","Alphaproteobacteria","Rhodobacterales","Paracoccaceae","Silicimonas",15
"Bacteria","Pseudomonadota","Alphaproteobacteria","Sphingomonadales","Sphingomonadaceae","Pacificimonas",15
"Bacteria","Pseudomonadota","Gammaproteobacteria","Enterobacterales","Moritellaceae","Paramoritella",15
"Bacteria","Verrucomicrobiota","Verrucomicrobiia","Opitutales","Puniceicoccaceae","Verruc-01",15
"Bacteria","Bacteroidota","Bacteroidia","Flavobacteriales","Flavobacteriaceae","Eudoraea",14
"Bacteria","Bacteroidota","Bacteroidia","Flavobacteriales","Flavobacteriaceae","Lutibacter",14
"Bacteria","Pseudomonadota","Gammaproteobacteria","Enterobacterales","Colwelliaceae","Thalassomonas",14
"Bacteria","Pseudomonadota","Gammaproteobacteria","Pseudomonadales","Saccharospirillaceae","Oceaniserpentilla",14
"Bacteria","Pseudomonadota","Gammaproteobacteria","Pseudomonadales","Unknown Family","Alkalimarinus",14
"Bacteria","Rhodothermota","Rhodothermia","Rhodothermales","Rhodothermaceae","Rubrivirga",14
"Bacteria","Actinomycetota","Actinobacteria","Propionibacteriales","Propionibacteriaceae","Cutibacterium",13
"Bacteria","Bacteroidota","Bacteroidia","Flavobacteriales","Flavobacteriaceae","Bizionia",13
"Bacteria","Bacteroidota","Bacteroidia","Flavobacteriales","Flavobacteriaceae","NS3a marine group",13
"Bacteria","Bacteroidota","Bacteroidia","Flavobacteriales","Flavobacteriaceae","Patiriisocius",13
"Bacteria","Pseudomonadota","Alphaproteobacteria","Rhodobacterales","Paracoccaceae","Roseobacter",13
"Bacteria","Pseudomonadota","Gammaproteobacteria","Chromatiales","Chromatiaceae","Candidatus Thiobios",13
"Bacteria","Pseudomonadota","Gammaproteobacteria","Enterobacterales","Shewanellaceae","Psychrobium",13
"Bacteria","Pseudomonadota","Gammaproteobacteria","Francisellales","Francisellaceae","Cysteiniphilum",13
"Bacteria","Pseudomonadota","Gammaproteobacteria","Pseudomonadales","Cellvibrionaceae","Umboniibacter",13
"Bacteria","Pseudomonadota","Gammaproteobacteria","Pseudomonadales","Spongiibacteraceae","Dasania",13
"Bacteria","Thermodesulfobacteriota","Desulfobulbia","Desulfobulbales","Desulfocapsaceae","Desulfocastanea",13
"Bacteria","Ignavibacteriota","Ignavibacteria","Ignavibacteriales","Melioribacteraceae","IheB3-7",12
"Bacteria","Pseudomonadota","Alphaproteobacteria","Holosporales","Holosporaceae","Candidatus Bealeia",12
"Bacteria","Pseudomonadota","Alphaproteobacteria","Rhodobacterales","Paracoccaceae","Aliiroseovarius",12
"Bacteria","Pseudomonadota","Gammaproteobacteria","Beggiatoales","Leucotrichaceae","Thiolinea",12
"Bacteria","Pseudomonadota","Gammaproteobacteria","Enterobacterales","Alteromonadaceae","Alteromonas",12
"Bacteria","Pseudomonadota","Gammaproteobacteria","Enterobacterales","Alteromonadaceae","Planctobacterium",12
"Bacteria","Pseudomonadota","Gammaproteobacteria","Pseudomonadales","Alcanivoracaceae1","Alcanivorax",12
"Bacteria","Thermodesulfobacteriota","Desulfobacteria","Desulfobacterales","Desulfosarcinaceae","SEEP-SRB1",12
"Bacteria","Bacteroidota","Bacteroidia","Cytophagales","Amoebophilaceae","Candidatus Amoebophilus",11
"Bacteria","Chlamydiota","Chlamydiia","Chlamydiales","Simkaniaceae","Candidatus Fritschea",11
"Bacteria","Pseudomonadota","Gammaproteobacteria","Burkholderiales","Burkholderiaceae","Limnobacter",11
"Bacteria","Pseudomonadota","Gammaproteobacteria","Burkholderiales","Methylophilaceae","Methylotenera",11
"Bacteria","Pseudomonadota","Gammaproteobacteria","Thiomicrospirales","Thiomicrospiraceae","endosymbionts",11
"Bacteria","Thermodesulfobacteriota","Desulfobacteria","Desulfobacterales","Desulfobacteraceae","Desulfoconvexum",11
"Bacteria","Verrucomicrobiota","Lentisphaeria","Lentisphaerales","Lentisphaeraceae","Lentisphaera",11
"Bacteria","Bacteroidota","Bacteroidia","Chitinophagales","Chitinophagaceae","Deminuibacter",10
"Bacteria","Bacteroidota","Bacteroidia","Flavobacteriales","Flavobacteriaceae","Arcticiflavibacter",10
"Bacteria","Bacteroidota","Bacteroidia","Flavobacteriales","Flavobacteriaceae","Meridianimaribacter",10
"Bacteria","Myxococcota","Myxococcia","Myxococcales","Myxococcaceae","P3OB-42",10
"Bacteria","Pseudomonadota","Alphaproteobacteria","Kiloniellales","Kiloniellaceae","Kiloniella",10
"Bacteria","Pseudomonadota","Alphaproteobacteria","Rhodobacterales","Paracoccaceae","Halocynthiibacter",10
"Bacteria","Pseudomonadota","Alphaproteobacteria","Rhodobacterales","Paracoccaceae","Pelagicola",10
"Bacteria","Pseudomonadota","Gammaproteobacteria","Enterobacterales","Alteromonadaceae","Aliiglaciecola",10
"Bacteria","Pseudomonadota","Gammaproteobacteria","Piscirickettsiales","Piscirickettsiaceae","Candidatus Endoecteinascidia",10
"Bacteria","Pseudomonadota","Gammaproteobacteria","Pseudomonadales","Nitrincolaceae","Motiliproteus",10
"Bacteria","Thermodesulfobacteriota","Desulfobacteria","Desulfatiglandales","Desulfatiglandaceae","Desulfatiglans",10
"Bacteria","Thermodesulfobacteriota","Desulfobacteria","Desulfobacterales","Desulfosarcinaceae","Desulfosarcina",10
"Bacteria","Verrucomicrobiota","Verrucomicrobiia","Opitutales","Opitutaceae","Diplosphaera",10
"Bacteria","Acidobacteriota","Thermoanaerobaculia","Thermoanaerobaculales","Thermoanaerobaculaceae","Subgroup 23",9
"Bacteria","Bacteroidota","Bacteroidia","Chitinophagales","Saprospiraceae","Aureispira",9
"Bacteria","Bacteroidota","Bacteroidia","Flavobacteriales","Flavobacteriaceae","Cellulophaga",9
"Bacteria","Bacteroidota","Bacteroidia","Flavobacteriales","Flavobacteriaceae","Gilvibacter",9
"Bacteria","Bacteroidota","Bacteroidia","Flavobacteriales","Flavobacteriaceae","Hoppeia",9
"Bacteria","Bdellovibrionota","Bacteriovoracia","Bacteriovoracales","Bacteriovoracaceae","Halobacteriovorax",9
"Bacteria","Planctomycetota","Planctomycetes","Planctomycetales","Rubinisphaeraceae","Rubinisphaera",9
"Bacteria","Pseudomonadota","Alphaproteobacteria","Caulobacterales","Parvularculaceae","Marinicaulis",9
"Bacteria","Pseudomonadota","Alphaproteobacteria","Rhodobacterales","Paracoccaceae","Planktomarina",9
"Bacteria","Pseudomonadota","Alphaproteobacteria","Sphingomonadales","Sphingomonadaceae","Altererythrobacter",9
"Bacteria","Pseudomonadota","Alphaproteobacteria","Sphingomonadales","Sphingomonadaceae","Tsuneonella",9
"Bacteria","Pseudomonadota","Gammaproteobacteria","Burkholderiales","Comamonadaceae","Limnohabitans",9
"Bacteria","Pseudomonadota","Gammaproteobacteria","Pseudomonadales","Pseudomonadaceae","Pseudomonas",9
"Bacteria","Pseudomonadota","Gammaproteobacteria","Pseudomonadales","Saccharospirillaceae","Reinekea",9
"Bacteria","Thermodesulfobacteriota","Desulfobacteria","Desulfobacterales","Desulfosarcinaceae","Desulfosudis",9
"Bacteria","Bacillota","Bacilli","Lactobacillales","Streptococcaceae","Streptococcus",8
"Bacteria","Bacteroidota","Bacteroidia","Flavobacteriales","Crocinitomicaceae","Fluviicola",8
"Bacteria","Bacteroidota","Bacteroidia","Flavobacteriales","Crocinitomicaceae","Salinirepens",8
"Bacteria","Bacteroidota","Bacteroidia","Flavobacteriales","Flavobacteriaceae","Muriicola",8
"Bacteria","Cyanobacteriota","Cyanobacteriia","Synechococcales","Synechococcales Incertae Sedis","Schizothrix LEGE 07164",8
"Bacteria","Pseudomonadota","Alphaproteobacteria","Sphingomonadales","Sphingomonadaceae","Sphingomonas",8
"Bacteria","Pseudomonadota","Gammaproteobacteria","Burkholderiales","Burkholderiaceae","Polynucleobacter",8
"Bacteria","Pseudomonadota","Gammaproteobacteria","Enterobacterales","Vibrionaceae","Catenococcus",8
"Bacteria","Pseudomonadota","Gammaproteobacteria","Enterobacterales","Vibrionaceae","Thaumasiovibrio",8
"Bacteria","Pseudomonadota","Gammaproteobacteria","Pseudomonadales","Cellvibrionaceae","Eionea",8
"Bacteria","Pseudomonadota","Gammaproteobacteria","Pseudomonadales","Porticoccaceae","C1-B045",8
"Bacteria","Spirochaetota","Spirochaetia","Spirochaetales","Spirochaetaceae","Pleomorphochaeta",8
"Bacteria","Verrucomicrobiota","Verrucomicrobiia","Pedosphaerales","Pedosphaeraceae","SCGC AAA164-E04",8
"Bacteria","Acidobacteriota","Aminicenantia","Aminicenantales","Aminicenantaceae","Aminicenans",7
"Bacteria","Actinomycetota","Acidimicrobiia","Microtrichales","Microtrichaceae","IMCC26207",7
"Bacteria","Actinomycetota","Actinobacteria","Micrococcales","Microbacteriaceae","Candidatus Aquiluna",7
"Bacteria","Bacillota","Clostridia","Peptostreptococcales-Tissierellales","Family XI","Anaerococcus",7
"Bacteria","Bacteroidota","Bacteroidia","Chitinophagales","Saprospiraceae","Rubidimonas",7
"Bacteria","Bacteroidota","Bacteroidia","Cytophagales","Cyclobacteriaceae","Marinoscillum",7
"Bacteria","Bacteroidota","Bacteroidia","Cytophagales","Flammeovirgaceae","Flammeovirga",7
"Bacteria","Bacteroidota","Bacteroidia","Flavobacteriales","Cryomorphaceae","Cryomorpha",7
"Bacteria","Bacteroidota","Bacteroidia","Flavobacteriales","Flavobacteriaceae","Taeania",7
"Bacteria","Pseudomonadota","Alphaproteobacteria","Rhodobacterales","Paracoccaceae","Ascidiaceihabitans",7
"Bacteria","Pseudomonadota","Alphaproteobacteria","Rhodobacterales","Paracoccaceae","Pseudorhodobacter",7
"Bacteria","Pseudomonadota","Alphaproteobacteria","Rickettsiales","Incertae Sedis","Candidatus Hepatincola",7
"Bacteria","Pseudomonadota","Alphaproteobacteria","Sphingomonadales","Sphingomonadaceae","Parasphingopyxis",7
"Bacteria","Pseudomonadota","Gammaproteobacteria","Burkholderiales","Comamonadaceae","Rhodoferax",7
"Bacteria","Pseudomonadota","Gammaproteobacteria","Burkholderiales","Comamonadaceae","Xylophilus",7
"Bacteria","Pseudomonadota","Gammaproteobacteria","Enterobacterales","Psychromonadaceae","Agarivorans",7
"Bacteria","Pseudomonadota","Gammaproteobacteria","Legionellales","Legionellaceae","Legionella",7
"Bacteria","Pseudomonadota","Gammaproteobacteria","Lysobacterales","Lysobacteraceae","Arenimonas",7
"Bacteria","Pseudomonadota","Gammaproteobacteria","Pseudomonadales","Halieaceae","Luminiphilus",7
"Bacteria","Pseudomonadota","Gammaproteobacteria","Pseudomonadales","Litorivicinaceae","Litorivicinus",7
"Bacteria","Pseudomonadota","Gammaproteobacteria","Pseudomonadales","Porticoccaceae","Porticoccus",7
"Bacteria","Verrucomicrobiota","Verrucomicrobiia","Chthoniobacterales","Xiphinematobacteraceae","Candidatus Xiphinematobacter",7
"Bacteria","Bacillota","Clostridia","Oscillospirales","Oscillospiraceae","UCG-005",6
"Bacteria","Bacillota","Clostridia","Peptostreptococcales-Tissierellales","Incertae Sedis","JTB215",6
"Bacteria","Bacteroidota","Bacteroidia","Bacteroidales","Bacteroidaceae","Bacteroides",6
"Bacteria","Bacteroidota","Bacteroidia","Bacteroidales","Prolixibacteraceae","Puteibacter",6
"Bacteria","Bacteroidota","Bacteroidia","Flavobacteriales","Flavobacteriaceae","Mesoflavibacter",6
"Bacteria","Bacteroidota","Bacteroidia","Flavobacteriales","Flavobacteriaceae","Nonlabens",6
"Bacteria","Bacteroidota","Bacteroidia","ML602M-17","Incertae Sedis","Salibacter",6
"Bacteria","Myxococcota","Polyangiia","Haliangiales","Haliangiaceae","Haliangium",6
"Bacteria","Planctomycetota","Phycisphaerae","Phycisphaerales","Phycisphaeraceae","Algisphaera",6
"Bacteria","Planctomycetota","Phycisphaerae","Phycisphaerales","Phycisphaeraceae","Urania-1B-19 marine sediment group",6
"Bacteria","Planctomycetota","Planctomycetes","Pirellulales","Pirellulaceae","Bythopirellula",6
"Bacteria","Pseudomonadota","Alphaproteobacteria","Rhodobacterales","Paracoccaceae","Tateyamaria",6
"Bacteria","Pseudomonadota","Gammaproteobacteria","Burkholderiales","Burkholderiaceae","Hydromonas",6
"Bacteria","Pseudomonadota","Gammaproteobacteria","Burkholderiales","Comamonadaceae","RS62 marine group",6
"Bacteria","Pseudomonadota","Gammaproteobacteria","Ectothiorhodospirales","Thioalkalispiraceae","Thiohalophilus",6
"Bacteria","Pseudomonadota","Gammaproteobacteria","Gammaproteobacteria Incertae Sedis","Unknown Family","Candidatus Berkiella",6
"Bacteria","Pseudomonadota","Gammaproteobacteria","Pseudomonadales","Cellvibrionaceae","Cellvibrio",6
"Bacteria","Pseudomonadota","Gammaproteobacteria","Pseudomonadales","Marinobacteraceae","Marinobacter",6
"Bacteria","Pseudomonadota","Gammaproteobacteria","Pseudomonadales","Saccharospirillaceae","Spongiispira",6
"Bacteria","Pseudomonadota","Gammaproteobacteria","Rickettsiellales","Rickettsiellaceae","Rickettsiella",6
"Bacteria","Spirochaetota","Spirochaetia","Spirochaetales","Spirochaetaceae","Spirochaeta",6
"Bacteria","Thermodesulfobacteriota","Desulfobulbia","Desulfobulbales","Desulfocapsaceae","Desulfopila",6
"Bacteria","Verrucomicrobiota","Kiritimatiellia","Kiritimatiellales","Kiritimatiellaceae","MSBL3",6
"Archaea","Nanoarchaeota","Nanoarchaeia","Woesearchaeales","Incertae Sedis","SCGC AAA286-E23",5
"Bacteria","Bacillota","Bacilli","Mycoplasmatales","Mycoplasmataceae","Metamycoplasma",5
"Bacteria","Bacteroidota","Bacteroidia","Cytophagales","Amoebophilaceae","endosymbionts",5
"Bacteria","Bacteroidota","Bacteroidia","Sphingobacteriales","Sphingobacteriaceae","Pedobacter",5
"Bacteria","Bdellovibrionota","Oligoflexia","Oligoflexales","Oligoflexaceae","Pseudobacteriovorax",5
"Bacteria","Campylobacterota","Campylobacteria","Campylobacterales","Sulfurimonadaceae","Sulfuricurvum",5
"Bacteria","Cyanobacteriota","Cyanobacteriia","Cyanobacteriales","Phormidiaceae","Arthrospira PCC-7345",5
"Bacteria","Planctomycetota","Planctomycetes","Pirellulales","Pirellulaceae","Blastopirellula",5
"Bacteria","Pseudomonadota","Alphaproteobacteria","Caedibacterales","Caedibacteraceae","Caedibacter",5
"Bacteria","Pseudomonadota","Alphaproteobacteria","Rhodobacterales","Paracoccaceae","Jannaschia",5
"Bacteria","Pseudomonadota","Alphaproteobacteria","Rhodobacterales","Paracoccaceae","Roseicitreum",5
"Bacteria","Pseudomonadota","Alphaproteobacteria","Rhodospirillales","Rhodospirillaceae","Haematospirillum",5
"Bacteria","Pseudomonadota","Alphaproteobacteria","Rhodospirillales","Terasakiellaceae","Marivibrio",5
"Bacteria","Pseudomonadota","Alphaproteobacteria","Rhodospirillales","Terasakiellaceae","Terasakiella",5
"Bacteria","Pseudomonadota","Alphaproteobacteria","Tistrellales","Geminicoccaceae","Arboricoccus",5
"Bacteria","Pseudomonadota","Gammaproteobacteria","Burkholderiales","Hydrogenophilaceae","Thiobacillus",5
"Bacteria","Pseudomonadota","Gammaproteobacteria","Ectothiorhodospirales","Ectothiorhodospiraceae","Thiogranum",5
"Bacteria","Pseudomonadota","Gammaproteobacteria","Enterobacterales","Alteromonadaceae","Catenovulum",5
"Bacteria","Pseudomonadota","Gammaproteobacteria","Francisellales","Francisellaceae","Allofrancisella",5
"Bacteria","Pseudomonadota","Gammaproteobacteria","Pseudomonadales","Cellvibrionaceae","Marinagarivorans",5
"Bacteria","Pseudomonadota","Gammaproteobacteria","Pseudomonadales","Halomonadaceae","Halomonas",5
"Bacteria","Pseudomonadota","Gammaproteobacteria","Pseudomonadales","Nitrincolaceae","Neptunomonas",5
"Bacteria","Pseudomonadota","Gammaproteobacteria","Pseudomonadales","Spongiibacteraceae","Oceanicoccus",5
"Bacteria","Pseudomonadota","Gammaproteobacteria","Tenderiales","Tenderiaceae","Candidatus Tenderia",5
"Bacteria","Spirochaetota","Spirochaetia","Spirochaetales","Spirochaetaceae","Sediminispirochaeta",5
"Bacteria","Thermodesulfobacteriota","Desulfobulbia","Desulfobulbales","Desulfocapsaceae","Desulfotalea",5
"Bacteria","Thermodesulfobacteriota","Desulfobulbia","Desulfobulbales","Desulfurivibrionaceae","MSBL7",5
"Bacteria","Thermodesulfobacteriota","Desulfovibrionia","Desulfovibrionales","Desulfovibrionaceae","Halodesulfovibrio",5
"Bacteria","Verrucomicrobiota","Verrucomicrobiia","Opitutales","Puniceicoccaceae","Pelagicoccus",5
"Bacteria","Actinomycetota","Acidimicrobiia","Actinomarinales","Actinomarinaceae","Candidatus Actinomarina",4
"Bacteria","Actinomycetota","Actinobacteria","Mycobacteriales","Corynebacteriaceae","Lawsonella",4
"Bacteria","Bacillota","Bacilli","Lactobacillales","Lactobacillaceae","Lactobacillus",4
"Bacteria","Bacillota","Bacilli","Mycoplasmatales","Mycoplasmataceae","Candidatus Hepatoplasma",4
"Bacteria","Bacillota","Clostridia","Clostridiales","Clostridiaceae","Oceanirhabdus",4
"Bacteria","Bacteroidota","Bacteroidia","Bacteroidales","Rikenellaceae","Rikenellaceae RC9 gut group",4
"Bacteria","Bacteroidota","Bacteroidia","Cytophagales","Cyclobacteriaceae","Algoriphagus",4
"Bacteria","Bacteroidota","Bacteroidia","Cytophagales","Microscillaceae","Hassallia",4
"Bacteria","Bacteroidota","Bacteroidia","Flavobacteriales","Cryomorphaceae","Luteibaculum",4
"Bacteria","Bacteroidota","Bacteroidia","Flavobacteriales","Flavobacteriaceae","Actibacter",4
"Bacteria","Bacteroidota","Bacteroidia","Flavobacteriales","Flavobacteriaceae","Wenyingzhuangia",4
"Bacteria","Cyanobacteriota","Cyanobacteriia","Cyanobacteriales","Cyanobacteriaceae","Geminobacterium",4
"Bacteria","Deferrisomatota","Deferrisomatia","Deferrisomatales","Deferrisomataceae","Deferrisoma",4
"Bacteria","Planctomycetota","Planctomycetes","Gemmatales","Gemmataceae","Fimbriiglobus",4
"Bacteria","Planctomycetota","Planctomycetes","Gemmatales","Gemmataceae","Gemmata",4
"Bacteria","Pseudomonadota","Alphaproteobacteria","Caulobacterales","Hyphomonadaceae","Hirschia",4
"Bacteria","Pseudomonadota","Alphaproteobacteria","Holosporales","Holosporaceae","Candidatus Paraholospora",4
"Bacteria","Pseudomonadota","Alphaproteobacteria","Hyphomicrobiales","Devosiaceae","Devosia",4
"Bacteria","Pseudomonadota","Alphaproteobacteria","Hyphomicrobiales","Rhizobiaceae","Lentilitoribacter",4
"Bacteria","Pseudomonadota","Alphaproteobacteria","Rhodobacterales","Paracoccaceae","Albimonas",4
"Bacteria","Pseudomonadota","Alphaproteobacteria","Rhodobacterales","Paracoccaceae","Cognatiyoonia",4
"Bacteria","Pseudomonadota","Alphaproteobacteria","Rhodobacterales","Paracoccaceae","Lentibacter",4
"Bacteria","Pseudomonadota","Alphaproteobacteria","Rhodobacterales","Paracoccaceae","Limibaculum",4
"Bacteria","Pseudomonadota","Alphaproteobacteria","Rhodobacterales","Paracoccaceae","Pelagimonas",4
"Bacteria","Pseudomonadota","Alphaproteobacteria","Rhodobacterales","Paracoccaceae","Sagittula",4
"Bacteria","Pseudomonadota","Alphaproteobacteria","Rhodospirillales","Magnetospiraceae","Magnetospira",4
"Bacteria","Pseudomonadota","Alphaproteobacteria","Sphingomonadales","Sphingomonadaceae","Novosphingobium",4
"Bacteria","Pseudomonadota","Alphaproteobacteria","Sphingomonadales","Sphingomonadaceae","Paraurantiacibacter",4
"Bacteria","Pseudomonadota","Gammaproteobacteria","Burkholderiales","Comamonadaceae","Paucibacter",4
"Bacteria","Pseudomonadota","Gammaproteobacteria","Burkholderiales","Rhodocyclaceae","Dechloromonas",4
"Bacteria","Pseudomonadota","Gammaproteobacteria","Enterobacterales","Alteromonadaceae","Rheinheimera",4
"Bacteria","Pseudomonadota","Gammaproteobacteria","Enterobacterales","Psychromonadaceae","Motilimonas",4
"Bacteria","Pseudomonadota","Gammaproteobacteria","Nitrosococcales","Nitrosococcaceae","Cm1-21",4
"Bacteria","Pseudomonadota","Gammaproteobacteria","Pseudomonadales","Alcanivoracaceae","Ketobacter",4
"Bacteria","Pseudomonadota","Gammaproteobacteria","Pseudomonadales","Hahellaceae","Allohahella",4
"Bacteria","Pseudomonadota","Gammaproteobacteria","Pseudomonadales","Halomonadaceae","Cobetia",4
"Bacteria","Pseudomonadota","Gammaproteobacteria","Pseudomonadales","Nitrincolaceae","Amphritea",4
"Bacteria","Spirochaetota","Spirochaetia","Spirochaetales","Spirochaetaceae","Spirochaeta 2",4
"Bacteria","Thermodesulfobacteriota","Desulfobacteria","Desulfobacterales","Desulfolunaceae","Desulfofrigus",4
"Bacteria","Thermodesulfobacteriota","Desulfobulbia","Desulfobulbales","Desulfobulbaceae","Desulfogranum",4
"Bacteria","Verrucomicrobiota","Verrucomicrobiia","Opitutales","Opitutaceae","Opitutus",4
"Bacteria","Verrucomicrobiota","Verrucomicrobiia","Verrucomicrobiales","Rubritaleaceae","DBS1",4
"Bacteria","Actinomycetota","Acidimicrobiia","Microtrichales","Iamiaceae","Aquihabitans",3
"Bacteria","Actinomycetota","Actinobacteria","Micrococcales","Microbacteriaceae","Rhodoluna",3
"Bacteria","Bacillota","Clostridia","Christensenellales","Christensenellaceae","Christensenellaceae R-7 group",3
"Bacteria","Bacillota","Clostridia","Lachnospirales","Defluviitaleaceae","Defluviitaleaceae UCG-011",3
"Bacteria","Bacillota","Clostridia","Peptostreptococcales-Tissierellales","Family XI","Finegoldia",3
"Bacteria","Bacillota","Clostridia","Peptostreptococcales-Tissierellales","Peptostreptococcaceae","Romboutsia",3
"Bacteria","Bacteroidota","Bacteroidia","Cytophagales","Cyclobacteriaceae","Pleomorphovibrio",3
"Bacteria","Bacteroidota","Bacteroidia","Cytophagales","Cyclobacteriaceae","Tunicatimonas",3
"Bacteria","Bacteroidota","Bacteroidia","Cytophagales","Flammeovirgaceae","Rapidithrix",3
"Bacteria","Bacteroidota","Bacteroidia","Cytophagales","Spirosomataceae","Sandaracinomonas",3
"Bacteria","Bacteroidota","Bacteroidia","Flavobacteriales","Flavobacteriaceae","Mariniflexile",3
"Bacteria","Bacteroidota","Bacteroidia","Flavobacteriales","Flavobacteriaceae","NS2b marine group",3
"Bacteria","Bacteroidota","Bacteroidia","Sphingobacteriales","Sphingobacteriaceae","Arcticibacter",3
"Bacteria","Bacteroidota","Bacteroidia","Sphingobacteriales","Sphingobacteriaceae","Mucilaginibacter",3
"Bacteria","Balneolota","Balneolia","Balneolales","Balneolaceae","Balneola",3
"Bacteria","Chlamydiota","Chlamydiia","Chlamydiales","Parachlamydiaceae","Candidatus Protochlamydia",3
"Bacteria","Chloroflexota","Anaerolineae","Anaerolineales","Anaerolineaceae","Thermomarinilinea",3
"Bacteria","Dadabacteria","Dadabacteriia","Dadabacteriales","Incertae Sedis","CSP1-2",3
"Bacteria","Dependentiae","Babeliae","Babeliales","Incertae Sedis","UBA12409",3
"Bacteria","Nitrospinota","Nitrospinia","Nitrospinales","Nitrospinaceae","LS-NOB",3
"Bacteria","Planctomycetota","Planctomycetes","Pirellulales","Pirellulaceae","Candidatus Anammoximicrobium",3
"Bacteria","Pseudomonadota","Alphaproteobacteria","Caulobacterales","Hyphomonadaceae","Euryhalocaulis",3
"Bacteria","Pseudomonadota","Alphaproteobacteria","Caulobacterales","Hyphomonadaceae","Fretibacter",3
"Bacteria","Pseudomonadota","Alphaproteobacteria","Defluviicoccales","Defluviicoccaceae","Defluviicoccus",3
"Bacteria","Pseudomonadota","Alphaproteobacteria","Kiloniellales","Kiloniellaceae","Pelagibius",3
"Bacteria","Pseudomonadota","Alphaproteobacteria","Rhodobacterales","Paracoccaceae","Boseongicola",3
"Bacteria","Pseudomonadota","Alphaproteobacteria","Rhodobacterales","Paracoccaceae","Parasedimentitalea",3
"Bacteria","Pseudomonadota","Alphaproteobacteria","Sphingomonadales","Sphingomonadaceae","Erythrobacter",3
"Bacteria","Pseudomonadota","Gammaproteobacteria","Burkholderiales","Comamonadaceae","Hydrogenophaga",3
"Bacteria","Pseudomonadota","Gammaproteobacteria","Burkholderiales","Neisseriaceae","Neisseria",3
"Bacteria","Pseudomonadota","Gammaproteobacteria","Burkholderiales","Nitrosomonadaceae","Ellin6067",3
"Bacteria","Pseudomonadota","Gammaproteobacteria","Burkholderiales","Nitrosomonadaceae","IS-44",3
"Bacteria","Pseudomonadota","Gammaproteobacteria","Enterobacterales","Pseudoalteromonadaceae","Algicola",3
"Bacteria","Pseudomonadota","Gammaproteobacteria","Enterobacterales","Shewanellaceae","Ferrimonas",3
"Bacteria","Pseudomonadota","Gammaproteobacteria","Enterobacterales","Yersiniaceae","Ewingella",3
"Bacteria","Pseudomonadota","Gammaproteobacteria","Methylococcales","Methylococcaceae","Methyloparacoccus",3
"Bacteria","Pseudomonadota","Gammaproteobacteria","Nitrosococcales","Nitrosococcaceae","FS142-36B-02",3
"Bacteria","Pseudomonadota","Gammaproteobacteria","Pseudomonadales","Cellvibrionaceae","Agarilytica",3
"Bacteria","Pseudomonadota","Gammaproteobacteria","Pseudomonadales","Endozoicomonadaceae","Sansalvadorimonas",3
"Bacteria","Pseudomonadota","Gammaproteobacteria","Pseudomonadales","Nitrincolaceae","Profundimonas",3
"Bacteria","Pseudomonadota","Gammaproteobacteria","Pseudomonadales","Oceanospirillaceae","Oceanospirillum",3
"Bacteria","Pseudomonadota","Gammaproteobacteria","Pseudomonadales","Thioglobaceae","IheB2-31",3
"Bacteria","Pseudomonadota","Gammaproteobacteria","Rickettsiellales","Rickettsiellaceae","Aquicella",3
"Bacteria","Spirochaetota","Spirochaetia","Spirochaetales","Spirochaetaceae","GWE2-31-10",3
"Bacteria","Sumerlaeota","Sumerlaeia","Sumerlaeales","Sumerlaeaceae","Sumerlaea",3
"Bacteria","Thermodesulfobacteriota","Desulfobacteria","Desulfobacterales","Desulfatirhabdiaceae","Desulfatirhabdium",3
"Bacteria","Thermodesulfobacteriota","Desulfobacteria","Desulfobacterales","Desulfobacteraceae","Desulfobacula",3
"Bacteria","Thermodesulfobacteriota","Desulfobulbia","Desulfobulbales","Desulfocapsaceae","Desulfocapsa",3
"Bacteria","Thermodesulfobacteriota","Desulfovibrionia","Desulfovibrionales","Desulfovibrionaceae","Pseudodesulfovibrio",3
"Bacteria","Verrucomicrobiota","Verrucomicrobiia","Chthoniobacterales","Chthoniobacteraceae","Chthoniobacter",3
"Bacteria","Verrucomicrobiota","Verrucomicrobiia","Opitutales","Puniceicoccaceae","Cerasicoccus",3
"Bacteria","Verrucomicrobiota","Verrucomicrobiia","Pedosphaerales","Pedosphaeraceae","DEV008",3
"Archaea","Nanoarchaeota","Nanoarchaeia","Pacearchaeales","Incertae Sedis","GW2011_GWC1_47_15",2
"Bacteria","Acetothermia","Acetothermiia","Incertae Sedis","Incertae Sedis","AOM-SR-B11",2
"Bacteria","Acidobacteriota","Acidobacteriae","Bryobacterales","Bryobacteraceae","Bryobacter",2
"Bacteria","Actinomycetota","Acidimicrobiia","Microtrichales","Ilumatobacteraceae","CL500-29 marine group",2
"Bacteria","Actinomycetota","Actinobacteria","Euzebyales","Euzebyaceae","Euzebya",2
"Bacteria","Actinomycetota","Actinobacteria","Frankiales","Sporichthyaceae","hgcI clade",2
"Bacteria","Actinomycetota","Actinobacteria","Micrococcales","Micrococcaceae","Rothia",2
"Bacteria","Actinomycetota","Actinobacteria","Nitriliruptorales","Nitriliruptoraceae","Nitriliruptor",2
"Bacteria","Actinomycetota","Actinobacteria","Propionibacteriales","Nocardioidaceae","Aeromicrobium",2
"Bacteria","Actinomycetota","Actinobacteria","Propionibacteriales","Nocardioidaceae","Nocardioides",2
"Bacteria","Bacillota","Bacilli","Acholeplasmatales","Acholeplasmataceae","Acholeplasma",2
"Bacteria","Bacillota","Bacilli","Bacillales","Bacillaceae","Niallia",2
"Bacteria","Bacillota","Bacilli","Erysipelotrichales","Erysipelotrichaceae","Culicoidibacter",2
"Bacteria","Bacillota","Bacilli","Lactobacillales","Streptococcaceae","Lactococcus",2
"Bacteria","Bacillota","Clostridia","Oscillospirales","Ruminococcaceae","Ruminococcus",2
"Bacteria","Bacillota","Clostridia","Peptostreptococcales-Tissierellales","Anaerovoracaceae","Anaerovorax",2
"Bacteria","Bacteroidota","Bacteroidia","Bacteroidales","Marinilabiliaceae","Carboxylicivirga",2
"Bacteria","Bacteroidota","Bacteroidia","Chitinophagales","Chitinophagaceae","Terrimonas",2
"Bacteria","Bacteroidota","Bacteroidia","Chitinophagales","Saprospiraceae","Phaeodactylibacter",2
"Bacteria","Bacteroidota","Bacteroidia","Cytophagales","Spirosomataceae","Pseudarcicella",2
"Bacteria","Bacteroidota","Bacteroidia","Flavobacteriales","Cryomorphaceae","Phaeocystidibacter",2
"Bacteria","Bacteroidota","Bacteroidia","Flavobacteriales","Flavobacteriaceae","Flaviramulus",2
"Bacteria","Bacteroidota","Bacteroidia","Flavobacteriales","Flavobacteriaceae","Marinirhabdus",2
"Bacteria","Bacteroidota","Bacteroidia","Flavobacteriales","Flavobacteriaceae","Pseudotenacibaculum",2
"Bacteria","Bacteroidota","Bacteroidia","Flavobacteriales","Flavobacteriaceae","Sediminicola",2
"Bacteria","Bacteroidota","Bacteroidia","Flavobacteriales","Flavobacteriaceae","Seonamhaeicola",2
"Bacteria","Bacteroidota","Bacteroidia","Flavobacteriales","Flavobacteriaceae","Spongiimonas",2
"Bacteria","Bacteroidota","Bacteroidia","Sphingobacteriales","Sphingobacteriaceae","Sphingobacterium",2
"Bacteria","Bdellovibrionota","Oligoflexia","Silvanigrellales","Silvanigrellaceae","Fluviispira",2
"Bacteria","Campylobacterota","Campylobacteria","Campylobacterales","Sulfurospirillaceae","Sulfurospirillum",2
"Bacteria","Chloroflexota","Anaerolineae","Anaerolineales","Anaerolineaceae","Ornatilinea",2
"Bacteria","Cyanobacteriota","Cyanobacteriia","Cyanobacteriales","Cyanobacteriaceae","Symphothece PCC-7002",2
"Bacteria","Cyanobacteriota","Cyanobacteriia","Cyanobacteriales","Geitlerinemaceae","Geitlerinema PCC-7105",2
"Bacteria","Fusobacteriota","Fusobacteriia","Fusobacteriales","Leptotrichiaceae","Hypnocyclicus",2
"Bacteria","Ignavibacteriota","Ignavibacteria","Ignavibacteriales","Ignavibacteriaceae","Ignavibacterium",2
"Bacteria","Nitrospinota","Nitrospinia","Nitrospinales","Nitrospinaceae","Nitrospina",2
"Bacteria","Patescibacteria","Saccharimonadia","Saccharimonadales","Saccharimonadaceae","TM7a",2
"Bacteria","Planctomycetota","Phycisphaerae","Phycisphaerales","Phycisphaeraceae","CL500-3",2
"Bacteria","Pseudomonadota","Alphaproteobacteria","Caulobacterales","Caulobacteraceae","Brevundimonas",2
"Bacteria","Pseudomonadota","Alphaproteobacteria","Hyphomicrobiales","Rhizobiaceae","Cohaesibacter",2
"Bacteria","Pseudomonadota","Alphaproteobacteria","Hyphomicrobiales","Rhizobiaceae","Roseitalea",2
"Bacteria","Pseudomonadota","Alphaproteobacteria","Reyranellales","Reyranellaceae","Reyranella",2
"Bacteria","Pseudomonadota","Alphaproteobacteria","Rhodobacterales","Paracoccaceae","Dinoroseobacter",2
"Bacteria","Pseudomonadota","Alphaproteobacteria","Rhodobacterales","Paracoccaceae","Litorimicrobium",2
"Bacteria","Pseudomonadota","Alphaproteobacteria","Rhodobacterales","Paracoccaceae","Maritimibacter",2
"Bacteria","Pseudomonadota","Alphaproteobacteria","Rhodobacterales","Paracoccaceae","Marivita",2
"Bacteria","Pseudomonadota","Alphaproteobacteria","Rhodobacterales","Paracoccaceae","Pseudophaeobacter",2
"Bacteria","Pseudomonadota","Alphaproteobacteria","Rhodobacterales","Paracoccaceae","Ruegeria",2
"Bacteria","Pseudomonadota","Alphaproteobacteria","Rickettsiales","Midichloriaceae","Lyticum",2
"Bacteria","Pseudomonadota","Alphaproteobacteria","Sneathiellales","Sneathiellaceae","Sneathiella",2
"Bacteria","Pseudomonadota","Alphaproteobacteria","Sphingomonadales","Sphingomonadaceae","Alteriqipengyuania",2
"Bacteria","Pseudomonadota","Alphaproteobacteria","Sphingomonadales","Sphingomonadaceae","Polymorphobacter",2
"Bacteria","Pseudomonadota","Alphaproteobacteria","Thalassobaculales","Thalassobaculaceae","Thalassobaculum",2
"Bacteria","Pseudomonadota","Gammaproteobacteria","Beggiatoales","Beggiatoaceae","Candidatus Allobeggiatoa",2
"Bacteria","Pseudomonadota","Gammaproteobacteria","Burkholderiales","Alcaligenaceae","Castellaniella",2
"Bacteria","Pseudomonadota","Gammaproteobacteria","Burkholderiales","Alcaligenaceae","Saccharedens",2
"Bacteria","Pseudomonadota","Gammaproteobacteria","Burkholderiales","Burkholderiaceae","Pandoraea",2
"Bacteria","Pseudomonadota","Gammaproteobacteria","Burkholderiales","Comamonadaceae","Aquincola",2
"Bacteria","Pseudomonadota","Gammaproteobacteria","Burkholderiales","Comamonadaceae","Variovorax",2
"Bacteria","Pseudomonadota","Gammaproteobacteria","Burkholderiales","Nitrosomonadaceae","oc32",2
"Bacteria","Pseudomonadota","Gammaproteobacteria","Burkholderiales","Oxalobacteraceae","Massilia",2
"Bacteria","Pseudomonadota","Gammaproteobacteria","Burkholderiales","Rhodocyclaceae","Ferribacterium",2
"Bacteria","Pseudomonadota","Gammaproteobacteria","Enterobacterales","Aeromonadaceae","Oceanisphaera",2
"Bacteria","Pseudomonadota","Gammaproteobacteria","Enterobacterales","Alteromonadaceae","Aestuariibacter",2
"Bacteria","Pseudomonadota","Gammaproteobacteria","Enterobacterales","Vibrionaceae","Candidatus Photodesmus",2
"Bacteria","Pseudomonadota","Gammaproteobacteria","Methylococcales","Cycloclasticaceae","Cycloclasticus",2
"Bacteria","Pseudomonadota","Gammaproteobacteria","Pseudomonadales","Cellvibrionaceae","Aestuariicella",2
"Bacteria","Pseudomonadota","Gammaproteobacteria","Pseudomonadales","Cellvibrionaceae","Candidatus Endobugula",2
"Bacteria","Pseudomonadota","Gammaproteobacteria","Pseudomonadales","Cellvibrionaceae","Maricurvus",2
"Bacteria","Pseudomonadota","Gammaproteobacteria","Pseudomonadales","Halieaceae","Congregibacter",2
"Bacteria","Pseudomonadota","Gammaproteobacteria","Pseudomonadales","Halieaceae","Pseudohaliea",2
"Bacteria","Pseudomonadota","Gammaproteobacteria","Pseudomonadales","Saccharospirillaceae","Oleibacter",2
"Bacteria","Pseudomonadota","Gammaproteobacteria","Salinisphaerales","Nevskiaceae","Oceanococcus",2
"Bacteria","Pseudomonadota","Gammaproteobacteria","Thiomicrospirales","Thiomicrospiraceae","Thiomicrorhabdus",2
"Bacteria","Pseudomonadota","Zetaproteobacteria","Mariprofundales","Mariprofundaceae","Mariprofundus",2
"Bacteria","Rhodothermota","Rhodothermia","Rhodothermales","Rhodothermaceae","Rubricoccus",2
"Bacteria","Spirochaetota","Spirochaetia","Spirochaetales","Spirochaetaceae","Thiospirochaeta",2
"Bacteria","Thermodesulfobacteriota","Desulfobaccia","Desulfobaccales","Desulfobaccaceae","Desulfobacca",2
"Bacteria","Thermodesulfobacteriota","Desulfobacteria","Desulfobacterales","Desulfobacteraceae","Desulfobacter",2
"Bacteria","Thermodesulfobacteriota","Desulfobacteria","Desulfobacterales","Desulfobacteraceae","Desulforapulum",2
"Bacteria","Thermodesulfobacteriota","Desulfobacteria","Desulfobacterales","Desulfolunaceae","Desulfofaba",2
"Bacteria","Thermodesulfobacteriota","Desulfobulbia","Desulfobulbales","Desulfobulbaceae","Desulfobulbus",2
"Bacteria","Thermodesulfobacteriota","Desulfobulbia","Desulfobulbales","Desulfocapsaceae","Desulforhopalus",2
"Bacteria","Thermodesulfobacteriota","Desulfobulbia","Desulfobulbales","Desulfurivibrionaceae","Desulfurivibrio",2
"Bacteria","Thermodesulfobacteriota","Desulfuromonadia","Desulfuromonadales","Desulfuromonadaceae","Desulfuromonas",2
"Bacteria","Thermodesulfobacteriota","Desulfuromonadia","Desulfuromonadales","Geothermobacteraceae","Geothermobacter",2
"Bacteria","Thermodesulfobacteriota","Syntrophorhabdia","Syntrophorhabdales","Syntrophorhabdaceae","Syntrophorhabdus",2
"Bacteria","Verrucomicrobiota","Lentisphaeria","Oligosphaerales","Oligosphaeraceae","SBZC-1223",2
"Bacteria","Verrucomicrobiota","Verrucomicrobiia","Chthoniobacterales","Terrimicrobiaceae","Terrimicrobium",2
"Bacteria","Verrucomicrobiota","Verrucomicrobiia","Opitutales","Opitutaceae","Oleiharenicola",2
"Bacteria","Verrucomicrobiota","Verrucomicrobiia","Pedosphaerales","Pedosphaeraceae","ADurb.Bin063-1",2
"Bacteria","Verrucomicrobiota","Verrucomicrobiia","Verrucomicrobiales","Akkermansiaceae","Akkermansia",2
"Bacteria","Verrucomicrobiota","Verrucomicrobiia","Verrucomicrobiales","Verrucomicrobiaceae","Prosthecobacter",2
"Archaea","Halobacteriota","Methanosarcinia","Methanosarcinales","Methanosarcinaceae","Methanococcoides",1
"Archaea","Nanoarchaeota","Nanoarchaeia","Pacearchaeales","Incertae Sedis","SCGC AAA011-D5",1
"Bacteria","Abditibacteriota","Abditibacteriia","Abditibacteriales","Abditibacteriaceae","Abditibacterium",1
"Bacteria","Acidobacteriota","Holophagae","Holophagales","Holophagaceae","Geothrix",1
"Bacteria","Actinomycetota","Actinobacteria","Micrococcales","Intrasporangiaceae","Knoellia",1
"Bacteria","Actinomycetota","Actinobacteria","Micrococcales","Micrococcaceae","Micrococcus",1
"Bacteria","Actinomycetota","Actinobacteria","Micrococcales","Micrococcaceae","Paenarthrobacter",1
"Bacteria","Actinomycetota","Actinobacteria","Mycobacteriales","Corynebacteriaceae","Corynebacterium",1
"Bacteria","Actinomycetota","Actinobacteria","Propionibacteriales","Propionibacteriaceae","Luteococcus",1
"Bacteria","Actinomycetota","Actinobacteria","Propionibacteriales","Propionibacteriaceae","Propionibacterium",1
"Bacteria","Actinomycetota","Actinobacteria","Propionibacteriales","Propionibacteriaceae","Propioniciclava",1
"Bacteria","Actinomycetota","Coriobacteriia","Coriobacteriales","Eggerthellaceae","Slackia",1
"Bacteria","Armatimonadota","Armatimonadia","Armatimonadales","Armatimonadaceae","Armatimonas",1
"Bacteria","Bacillota","Bacilli","Bacillales","Bacillaceae","Anoxybacillus",1
"Bacteria","Bacillota","Bacilli","Bacillales","Bacillaceae","Compostibacillus",1
"Bacteria","Bacillota","Bacilli","Bacillales","Planococcaceae","Caryophanon",1
"Bacteria","Bacillota","Bacilli","Bacillales","Planococcaceae","Sporosarcina",1
"Bacteria","Bacillota","Bacilli","Erysipelotrichales","Erysipelatoclostridiaceae","UCG-004",1
"Bacteria","Bacillota","Bacilli","Erysipelotrichales","Erysipelotrichaceae","Erysipelothrix",1
"Bacteria","Bacillota","Bacilli","Erysipelotrichales","Erysipelotrichaceae","Turicibacter",1
"Bacteria","Bacillota","Bacilli","Exiguobacterales","Exiguobacteraceae","Exiguobacterium",1
"Bacteria","Bacillota","Bacilli","Izemoplasmatales","Izemoplasmataceae","Izimaplasma",1
"Bacteria","Bacillota","Bacilli","Lactobacillales","Catellicoccaceae","Catellicoccus",1
"Bacteria","Bacillota","Bacilli","Lactobacillales","Enterococcaceae","Enterococcus",1
"Bacteria","Bacillota","Bacilli","Lactobacillales","Lactobacillaceae","HT002",1
"Bacteria","Bacillota","Bacilli","Lactobacillales","Lactobacillaceae","Latilactobacillus",1
"Bacteria","Bacillota","Bacilli","Lactobacillales","Lactobacillaceae","Leuconostoc",1
"Bacteria","Bacillota","Bacilli","Lactobacillales","Streptococcaceae","Lactovum",1
"Bacteria","Bacillota","Bacilli","Mycoplasmatales","Mycoplasmataceae","Candidatus Bacilloplasma",1
"Bacteria","Bacillota","Clostridia","Clostridiales","Caloramatoraceae","Fonticella",1
"Bacteria","Bacillota","Clostridia","Clostridiales","Clostridiaceae","Proteiniclasticum",1
"Bacteria","Bacillota","Clostridia","Lachnospirales","Lachnospiraceae","Agathobacter",1
"Bacteria","Bacillota","Clostridia","Lachnospirales","Lachnospiraceae","Anaerobutyricum",1
"Bacteria","Bacillota","Clostridia","Lachnospirales","Lachnospiraceae","Extibacter",1
"Bacteria","Bacillota","Clostridia","Lachnospirales","Lachnospiraceae","Lachnospiraceae AC2044 group",1
"Bacteria","Bacillota","Clostridia","Lachnospirales","Lachnospiraceae","Natranaerovirga",1
"Bacteria","Bacillota","Clostridia","Lachnospirales","Lachnospiraceae","Vallitalea",1
"Bacteria","Bacillota","Clostridia","Lachnospirales","Lachnospiraceae","[Eubacterium] ruminantium group",1
"Bacteria","Bacillota","Clostridia","Monoglobales","Monoglobaceae","Monoglobus",1
"Bacteria","Bacillota","Clostridia","Oscillospirales","Oscillospiraceae","Colidextribacter",1
"Bacteria","Bacillota","Clostridia","Oscillospirales","Oscillospiraceae","Ruminiclostridium",1
"Bacteria","Bacillota","Clostridia","Oscillospirales","Oscillospiraceae","UCG-012",1
"Bacteria","Bacillota","Clostridia","Peptostreptococcales-Tissierellales","Anaerovoracaceae","Aminipila",1
"Bacteria","Bacillota","Clostridia","Peptostreptococcales-Tissierellales","Anaerovoracaceae","Family XIII AD3011 group",1
"Bacteria","Bacillota","Clostridia","Peptostreptococcales-Tissierellales","Anaerovoracaceae","[Eubacterium] brachy group",1
"Bacteria","Bacillota","Clostridia","Peptostreptococcales-Tissierellales","Family XI","Fenollaria",1
"Bacteria","Bacillota","Clostridia","Peptostreptococcales-Tissierellales","Family XI","Parvimonas",1
"Bacteria","Bacillota","Clostridia","Peptostreptococcales-Tissierellales","Family XI","Peptoniphilus",1
"Bacteria","Bacillota","Clostridia","Peptostreptococcales-Tissierellales","Peptostreptococcaceae","Paeniclostridium",1
"Bacteria","Bacillota","Clostridia","Peptostreptococcales-Tissierellales","Thermotaleaceae","Crassaminicella",1
"Bacteria","Bacillota","Limnochordia","Incertae Sedis","Incertae Sedis","Hydrogenispora",1
"Bacteria","Bacillota","Negativicutes","Veillonellales-Selenomonadales","Sporomusaceae","Pelosinus",1
"Bacteria","Bacillota","Negativicutes","Veillonellales-Selenomonadales","Veillonellaceae","Dialister",1
"Bacteria","Bacillota","Negativicutes","Veillonellales-Selenomonadales","Veillonellaceae","Veillonella",1
"Bacteria","Bacteroidota","Bacteroidia","Bacteroidales","Marinifilaceae","Marinifilum",1
"Bacteria","Bacteroidota","Bacteroidia","Bacteroidales","Marinilabiliaceae","Saccharicrinis",1
"Bacteria","Bacteroidota","Bacteroidia","Bacteroidales","Porphyromonadaceae","Porphyromonas",1
"Bacteria","Bacteroidota","Bacteroidia","Bacteroidales","Prevotellaceae","Hoylesella",1
"Bacteria","Bacteroidota","Bacteroidia","Bacteroidales","Prevotellaceae","Prevotella",1
"Bacteria","Bacteroidota","Bacteroidia","Bacteroidales","Prevotellaceae","Prevotellaceae UCG-004",1
"Bacteria","Bacteroidota","Bacteroidia","Bacteroidales","Prolixibacteraceae","BSV13",1
"Bacteria","Bacteroidota","Bacteroidia","Bacteroidales","Prolixibacteraceae","Roseimarinus",1
"Bacteria","Bacteroidota","Bacteroidia","Bacteroidales","Prolixibacteraceae","Sunxiuqinia",1
"Bacteria","Bacteroidota","Bacteroidia","Bacteroidales","Prolixibacteraceae","WCHB1-32",1
"Bacteria","Bacteroidota","Bacteroidia","Bacteroidales","Rikenellaceae","Alistipes",1
"Bacteria","Bacteroidota","Bacteroidia","Chitinophagales","Chitinophagaceae","Asinibacterium",1
"Bacteria","Bacteroidota","Bacteroidia","Chitinophagales","Chitinophagaceae","Ferruginibacter",1
"Bacteria","Bacteroidota","Bacteroidia","Chitinophagales","Chitinophagaceae","Nemorincola",1
"Bacteria","Bacteroidota","Bacteroidia","Chitinophagales","Chitinophagaceae","Rurimicrobium",1
"Bacteria","Bacteroidota","Bacteroidia","Chitinophagales","Chitinophagaceae","Sediminibacterium",1
"Bacteria","Bacteroidota","Bacteroidia","Cytophagales","Flammeovirgaceae","Xanthovirga",1
"Bacteria","Bacteroidota","Bacteroidia","Cytophagales","Microscillaceae","Chryseotalea",1
"Bacteria","Bacteroidota","Bacteroidia","Cytophagales","Microscillaceae","Microscilla",1
"Bacteria","Bacteroidota","Bacteroidia","Cytophagales","Microscillaceae","Ohtaekwangia",1
"Bacteria","Bacteroidota","Bacteroidia","Cytophagales","Spirosomataceae","Arcicella",1
"Bacteria","Bacteroidota","Bacteroidia","Cytophagales","Spirosomataceae","Arcticibacterium",1
"Bacteria","Bacteroidota","Bacteroidia","Cytophagales","Spirosomataceae","Flectobacillus",1
"Bacteria","Bacteroidota","Bacteroidia","Flavobacteriales","Flavobacteriaceae","Aestuariimonas",1
"Bacteria","Bacteroidota","Bacteroidia","Flavobacteriales","Flavobacteriaceae","Aestuariivivens",1
"Bacteria","Bacteroidota","Bacteroidia","Flavobacteriales","Flavobacteriaceae","Aquaticitalea",1
"Bacteria","Bacteroidota","Bacteroidia","Flavobacteriales","Flavobacteriaceae","Ascidiimonas",1
"Bacteria","Bacteroidota","Bacteroidia","Flavobacteriales","Flavobacteriaceae","Aurantiacicella",1
"Bacteria","Bacteroidota","Bacteroidia","Flavobacteriales","Flavobacteriaceae","Aurantibacter",1
"Bacteria","Bacteroidota","Bacteroidia","Flavobacteriales","Flavobacteriaceae","Citreitalea",1
"Bacteria","Bacteroidota","Bacteroidia","Flavobacteriales","Flavobacteriaceae","Croceitalea",1
"Bacteria","Bacteroidota","Bacteroidia","Flavobacteriales","Flavobacteriaceae","Euzebyella",1
"Bacteria","Bacteroidota","Bacteroidia","Flavobacteriales","Flavobacteriaceae","Hyunsoonleella",1
"Bacteria","Bacteroidota","Bacteroidia","Flavobacteriales","Flavobacteriaceae","Ichthyenterobacterium",1
"Bacteria","Bacteroidota","Bacteroidia","Flavobacteriales","Flavobacteriaceae","Oceanihabitans",1
"Bacteria","Bacteroidota","Bacteroidia","Flavobacteriales","Flavobacteriaceae","Spongiibacterium",1
"Bacteria","Bacteroidota","Bacteroidia","Flavobacteriales","Flavobacteriaceae","Subsaxibacter",1
"Bacteria","Bacteroidota","Bacteroidia","Flavobacteriales","Flavobacteriaceae","Tamlana",1
"Bacteria","Bacteroidota","Bacteroidia","Flavobacteriales","Flavobacteriaceae","Ulvibacterium",1
"Bacteria","Bacteroidota","Bacteroidia","Flavobacteriales","Flavobacteriaceae","Zeaxanthinibacter",1
"Bacteria","Bacteroidota","Bacteroidia","Flavobacteriales","Weeksellaceae","Chryseobacterium",1
"Bacteria","Bacteroidota","Bacteroidia","Sphingobacteriales","Lentimicrobiaceae","Lentimicrobium",1
"Bacteria","Bacteroidota","Bacteroidia","Sphingobacteriales","Sphingobacteriaceae","Solitalea",1
"Bacteria","Balneolota","Balneolia","Balneolales","Balneolaceae","B2706-C7",1
"Bacteria","Calditrichota","Calditrichia","Calditrichales","Calditrichaceae","Caldithrix",1
"Bacteria","Calditrichota","Calditrichia","Calditrichales","Calditrichaceae","SM23-31",1
"Bacteria","Chlamydiota","Chlamydiia","Chlamydiales","Parachlamydiaceae","Candidatus Rubidus",1
"Bacteria","Chlamydiota","Chlamydiia","Chlamydiales","Parachlamydiaceae","Neochlamydia",1
"Bacteria","Chlamydiota","Chlamydiia","Chlamydiales","Simkaniaceae","Candidatus Rhabdochlamydia",1
"Bacteria","Chloroflexota","Anaerolineae","Anaerolineales","Anaerolineaceae","Anaerolinea",1
"Bacteria","Chloroflexota","Anaerolineae","Anaerolineales","Anaerolineaceae","Leptolinea",1
"Bacteria","Chloroflexota","Anaerolineae","Anaerolineales","Anaerolineaceae","RBG-16-58-14",1
"Bacteria","Chloroflexota","Anaerolineae","Caldilineales","Caldilineaceae","Litorilinea",1
"Bacteria","Chloroflexota","Dehalococcoidia","Dehalococcoidales","Dehalococcoidales Incertae Sedis","Dehalobium",1
"Bacteria","Cyanobacteriota","Cyanobacteriia","Cyanobacteriales","Oscillatoriaceae","Planktothricoides SR001",1
"Bacteria","Cyanobacteriota","Cyanobacteriia","Cyanobacteriales","Paraspirulinaceae","Kamptonema",1
"Bacteria","Cyanobacteriota","Cyanobacteriia","Cyanobacteriales","Xenococcaceae","Chroococcidiopsis PCC-6712",1
"Bacteria","Cyanobacteriota","Cyanobacteriia","Phormidesmiales","Nodosilineaceae","Halomicronema TFEP1",1
"Bacteria","Cyanobacteriota","Cyanobacteriia","Phormidesmiales","Nodosilineaceae","MBIC10086",1
"Bacteria","Deferribacterota","Deferribacteres","Deferribacterales","Deferribacteraceae","Limisalsivibrio",1
"Bacteria","Fibrobacterota","Chitinivibrionia","Chitinivibrionales","Chitinispirillaceae","B18",1
"Bacteria","Fibrobacterota","Chitinivibrionia","Chitinivibrionales","Chitinispirillaceae","TG3",1
"Bacteria","Fibrobacterota","Chitinivibrionia","Chitinivibrionales","Chitinivibrionaceae","Chitinivibrio",1
"Bacteria","Fusobacteriota","Fusobacteriia","Fusobacteriales","Fusobacteriaceae","Ilyobacter",1
"Bacteria","Latescibacterota","Latescibacteria","Latescibacterales","Latescibacteraceae","Candidatus Latescibacter",1
"Bacteria","Modulibacteria","Moduliflexia","Moduliflexales","Moduliflexaceae","Candidatus Moduliflexus",1
"Bacteria","Planctomycetota","Phycisphaerae","Phycisphaerales","Phycisphaeraceae","I-8",1
"Bacteria","Planctomycetota","Phycisphaerae","Tepidisphaerales","Tepidisphaeraceae","Tepidisphaera",1
"Bacteria","Planctomycetota","Planctomycetes","Isosphaerales","Isosphaeraceae","Aquisphaera",1
"Bacteria","Planctomycetota","Planctomycetes","Pirellulales","Pirellulaceae","Pir2 lineage",1
"Bacteria","Planctomycetota","Planctomycetes","Planctomycetales","Rubinisphaeraceae","SH-PL14",1
"Bacteria","Pseudomonadota","Alphaproteobacteria","Acetobacterales","Acetobacteraceae","Roseomonas",1
"Bacteria","Pseudomonadota","Alphaproteobacteria","Alphaproteobacteria Incertae Sedis","Neomegalonemataceae","Acuticoccus",1
"Bacteria","Pseudomonadota","Alphaproteobacteria","Caulobacterales","Caulobacteraceae","Caulobacter",1
"Bacteria","Pseudomonadota","Alphaproteobacteria","Caulobacterales","Hyphomonadaceae","Hyphobacterium",1
"Bacteria","Pseudomonadota","Alphaproteobacteria","Caulobacterales","Hyphomonadaceae","Hyphomonas",1
"Bacteria","Pseudomonadota","Alphaproteobacteria","Caulobacterales","Hyphomonadaceae","Maricaulis",1
"Bacteria","Pseudomonadota","Alphaproteobacteria","Caulobacterales","Hyphomonadaceae","Oceanicaulis",1
"Bacteria","Pseudomonadota","Alphaproteobacteria","Caulobacterales","Hyphomonadaceae","UKL13-1",1
"Bacteria","Pseudomonadota","Alphaproteobacteria","Caulobacterales","Parvularculaceae","Parvularcula",1
"Bacteria","Pseudomonadota","Alphaproteobacteria","Holosporales","Holosporaceae","Candidatus Gortzia",1
"Bacteria","Pseudomonadota","Alphaproteobacteria","Hyphomicrobiales","Beijerinckiaceae","Lichenibacterium",1
"Bacteria","Pseudomonadota","Alphaproteobacteria","Hyphomicrobiales","Beijerinckiaceae","Microvirga",1
"Bacteria","Pseudomonadota","Alphaproteobacteria","Hyphomicrobiales","Beijerinckiaceae","Roseiarcus",1
"Bacteria","Pseudomonadota","Alphaproteobacteria","Hyphomicrobiales","Hyphomicrobiales Incertae Sedis","Alsobacter",1
"Bacteria","Pseudomonadota","Alphaproteobacteria","Hyphomicrobiales","Methyloligellaceae","Methyloceanibacter",1
"Bacteria","Pseudomonadota","Alphaproteobacteria","Hyphomicrobiales","Rhizobiaceae","Martelella",1
"Bacteria","Pseudomonadota","Alphaproteobacteria","Hyphomicrobiales","Rhodomicrobiaceae","Rhodomicrobium",1
"Bacteria","Pseudomonadota","Alphaproteobacteria","Incertae Sedis","Incertae Sedis","Hypericibacter",1
"Bacteria","Pseudomonadota","Alphaproteobacteria","Kordiimonadales","Temperatibacteraceae","Temperatibacter",1
"Bacteria","Pseudomonadota","Alphaproteobacteria","Paracaedibacterales","Paracaedibacteraceae","Candidatus Captivus",1
"Bacteria","Pseudomonadota","Alphaproteobacteria","Rhodobacterales","Paracoccaceae","Aestuariibius",1
"Bacteria","Pseudomonadota","Alphaproteobacteria","Rhodobacterales","Paracoccaceae","HIMB11",1
"Bacteria","Pseudomonadota","Alphaproteobacteria","Rhodobacterales","Paracoccaceae","Hasllibacter",1
"Bacteria","Pseudomonadota","Alphaproteobacteria","Rhodobacterales","Paracoccaceae","Marivivens",1
"Bacteria","Pseudomonadota","Alphaproteobacteria","Rhodobacterales","Paracoccaceae","Nautella",1
"Bacteria","Pseudomonadota","Alphaproteobacteria","Rhodobacterales","Paracoccaceae","Nereida",1
"Bacteria","Pseudomonadota","Alphaproteobacteria","Rhodobacterales","Paracoccaceae","Oceanicella",1
"Bacteria","Pseudomonadota","Alphaproteobacteria","Rhodobacterales","Paracoccaceae","Oceanicola",1
"Bacteria","Pseudomonadota","Alphaproteobacteria","Rhodobacterales","Paracoccaceae","Oceaniovalibus",1
"Bacteria","Pseudomonadota","Alphaproteobacteria","Rhodobacterales","Paracoccaceae","Pararhodobacter",1
"Bacteria","Pseudomonadota","Alphaproteobacteria","Rhodobacterales","Paracoccaceae","Ponticoccus",1
"Bacteria","Pseudomonadota","Alphaproteobacteria","Rhodobacterales","Paracoccaceae","Pontivivens",1
"Bacteria","Pseudomonadota","Alphaproteobacteria","Rhodobacterales","Paracoccaceae","Pseudoprimorskyibacter",1
"Bacteria","Pseudomonadota","Alphaproteobacteria","Rhodobacterales","Paracoccaceae","Pseudoruegeria",1
"Bacteria","Pseudomonadota","Alphaproteobacteria","Rhodobacterales","Paracoccaceae","Pseudosulfitobacter",1
"Bacteria","Pseudomonadota","Alphaproteobacteria","Rhodobacterales","Paracoccaceae","Roseobacter clade Marinomonas lineage",1
"Bacteria","Pseudomonadota","Alphaproteobacteria","Rhodobacterales","Paracoccaceae","Roseovarius",1
"Bacteria","Pseudomonadota","Alphaproteobacteria","Rhodobacterales","Paracoccaceae","Salinovum",1
"Bacteria","Pseudomonadota","Alphaproteobacteria","Rhodobacterales","Paracoccaceae","Seohaeicola",1
"Bacteria","Pseudomonadota","Alphaproteobacteria","Rhodobacterales","Paracoccaceae","Tropicibacter",1
"Bacteria","Pseudomonadota","Alphaproteobacteria","Rhodospirillales","Magnetospiraceae","Magnetovibrio",1
"Bacteria","Pseudomonadota","Alphaproteobacteria","Rhodospirillales","Magnetospiraceae","Varunaivibrio",1
"Bacteria","Pseudomonadota","Alphaproteobacteria","Rhodospirillales","Magnetospirillaceae","Magnetospirillum",1
"Bacteria","Pseudomonadota","Alphaproteobacteria","Rickettsiales","Midichloriaceae","Candidatus Jidaibacter",1
"Bacteria","Pseudomonadota","Alphaproteobacteria","Rickettsiales","Rickettsiaceae","Candidatus Trichorickettsia",1
"Bacteria","Pseudomonadota","Alphaproteobacteria","Sphingomonadales","Sphingomonadaceae","Sphingorhabdus",1
"Bacteria","Pseudomonadota","Alphaproteobacteria","Thalassobaculales","Nisaeaceae","Nisaea",1
"Bacteria","Pseudomonadota","Gammaproteobacteria","Beggiatoales","Beggiatoaceae","Candidatus Isobeggiatoa",1
"Bacteria","Pseudomonadota","Gammaproteobacteria","Beggiatoales","Leucotrichaceae","Pelagibaculum",1
"Bacteria","Pseudomonadota","Gammaproteobacteria","Beggiatoales","Leucotrichaceae","Thiothrix",1
"Bacteria","Pseudomonadota","Gammaproteobacteria","Burkholderiales","Burkholderiaceae","Cupriavidus",1
"Bacteria","Pseudomonadota","Gammaproteobacteria","Burkholderiales","Burkholderiaceae","Lautropia",1
"Bacteria","Pseudomonadota","Gammaproteobacteria","Burkholderiales","Chitinibacteraceae","Deefgea",1
"Bacteria","Pseudomonadota","Gammaproteobacteria","Burkholderiales","Comamonadaceae","Comamonas",1
"Bacteria","Pseudomonadota","Gammaproteobacteria","Burkholderiales","Comamonadaceae","Leptothrix",1
"Bacteria","Pseudomonadota","Gammaproteobacteria","Burkholderiales","Comamonadaceae","Rhizobacter",1
"Bacteria","Pseudomonadota","Gammaproteobacteria","Burkholderiales","Comamonadaceae","Tepidimonas",1
"Bacteria","Pseudomonadota","Gammaproteobacteria","Burkholderiales","Gallionellaceae","Candidatus Nitrotoga",1
"Bacteria","Pseudomonadota","Gammaproteobacteria","Burkholderiales","Gallionellaceae","Gallionella",1
"Bacteria","Pseudomonadota","Gammaproteobacteria","Burkholderiales","Methylophilaceae","Candidatus Methylopumilus",1
"Bacteria","Pseudomonadota","Gammaproteobacteria","Burkholderiales","Methylophilaceae","Methylophilus",1
"Bacteria","Pseudomonadota","Gammaproteobacteria","Burkholderiales","Methylophilaceae","Pseudomethylobacillus",1
"Bacteria","Pseudomonadota","Gammaproteobacteria","Burkholderiales","Oxalobacteraceae","Duganella",1
"Bacteria","Pseudomonadota","Gammaproteobacteria","Burkholderiales","Oxalobacteraceae","Herbaspirillum",1
"Bacteria","Pseudomonadota","Gammaproteobacteria","Burkholderiales","Rhodocyclaceae","Candidatus Accumulibacter",1
"Bacteria","Pseudomonadota","Gammaproteobacteria","Burkholderiales","Sulfuricellaceae","Ferritrophicum",1
"Bacteria","Pseudomonadota","Gammaproteobacteria","Burkholderiales","Sulfuricellaceae","Sulfuriferula",1
"Bacteria","Pseudomonadota","Gammaproteobacteria","Chromatiales","Chromatiaceae","Halochromatium",1
"Bacteria","Pseudomonadota","Gammaproteobacteria","Chromatiales","Chromatiaceae","Lamprocystis",1
"Bacteria","Pseudomonadota","Gammaproteobacteria","Competibacterales","Competibacteraceae","Candidatus Competibacter",1
"Bacteria","Pseudomonadota","Gammaproteobacteria","Enterobacterales","Alteromonadaceae","Gayadomonas",1
"Bacteria","Pseudomonadota","Gammaproteobacteria","Enterobacterales","Alteromonadaceae","Neiella",1
"Bacteria","Pseudomonadota","Gammaproteobacteria","Enterobacterales","Idiomarinaceae","Idiomarina",1
"Bacteria","Pseudomonadota","Gammaproteobacteria","Enterobacterales","Kangiellaceae","Pleionea",1
"Bacteria","Pseudomonadota","Gammaproteobacteria","Enterobacterales","Pasteurellaceae","Haemophilus",1
"Bacteria","Pseudomonadota","Gammaproteobacteria","Enterobacterales","Vibrionaceae","Enterovibrio",1
"Bacteria","Pseudomonadota","Gammaproteobacteria","Francisellales","Francisellaceae","Fastidiosibacter",1
"Bacteria","Pseudomonadota","Gammaproteobacteria","Lysobacterales","Lysobacteraceae","Stenotrophomonas",1
"Bacteria","Pseudomonadota","Gammaproteobacteria","Lysobacterales","Lysobacteraceae","Thermomonas",1
"Bacteria","Pseudomonadota","Gammaproteobacteria","Lysobacterales","Rhodanobacteraceae","Dokdonella",1
"Bacteria","Pseudomonadota","Gammaproteobacteria","Lysobacterales","Rhodanobacteraceae","Pseudolysobacter",1
"Bacteria","Pseudomonadota","Gammaproteobacteria","Methylococcales","Methylomonadaceae","Methylomonas",1
"Bacteria","Pseudomonadota","Gammaproteobacteria","Nitrosococcales","Methylophagaceae","Marine Methylotrophic Group 3",1
"Bacteria","Pseudomonadota","Gammaproteobacteria","Nitrosococcales","Methylophagaceae","Methylophaga",1
"Bacteria","Pseudomonadota","Gammaproteobacteria","Nitrosococcales","Nitrosococcaceae","MSB-1D1",1
"Bacteria","Pseudomonadota","Gammaproteobacteria","Nitrosococcales","Nitrosococcaceae","SZB85",1
"Bacteria","Pseudomonadota","Gammaproteobacteria","Pseudomonadales","Cellvibrionaceae","Agaribacterium",1
"Bacteria","Pseudomonadota","Gammaproteobacteria","Pseudomonadales","Cellvibrionaceae","Pseudoteredinibacter",1
"Bacteria","Pseudomonadota","Gammaproteobacteria","Pseudomonadales","Halieaceae","Parahaliea",1
"Bacteria","Pseudomonadota","Gammaproteobacteria","Pseudomonadales","Halomonadaceae","Kushneria",1
"Bacteria","Pseudomonadota","Gammaproteobacteria","Pseudomonadales","Microbulbiferaceae","Microbulbifer",1
"Bacteria","Pseudomonadota","Gammaproteobacteria","Pseudomonadales","Moraxellaceae","Moraxella",1
"Bacteria","Pseudomonadota","Gammaproteobacteria","Pseudomonadales","Nitrincolaceae","Aliamphritea",1
"Bacteria","Pseudomonadota","Gammaproteobacteria","Pseudomonadales","Nitrincolaceae","Neptuniibacter",1
"Bacteria","Pseudomonadota","Gammaproteobacteria","Pseudomonadales","Nitrincolaceae","Nitrincola",1
"Bacteria","Pseudomonadota","Gammaproteobacteria","Pseudomonadales","Saccharospirillaceae","Bermanella",1
"Bacteria","Pseudomonadota","Gammaproteobacteria","Pseudomonadales","Spongiibacteraceae","Sinobacterium",1
"Bacteria","Pseudomonadota","Gammaproteobacteria","Salinisphaerales","Salinisphaeraceae","Salinisphaera",1
"Bacteria","Pseudomonadota","Magnetococcia","Magnetococcales","Magnetococcaceae","Magnetococcus",1
"Bacteria","Spirochaetota","Spirochaetia","Spirochaetales","Spirochaetaceae","Oceanispirochaeta",1
"Bacteria","Spirochaetota","Spirochaetia","Spirochaetales","Spirochaetaceae","Rectinema",1
"Bacteria","Synergistota","Synergistia","Synergistales","Synergistaceae","Thermovirga",1
"Bacteria","Thermodesulfobacteriota","Desulfobacteria","Desulfobacterales","Desulfobacteraceae","Candidatus Desulfamplus",1
"Bacteria","Thermodesulfobacteriota","Desulfobacteria","Desulfobacterales","Desulfolunaceae","Desulfoluna",1
"Bacteria","Thermodesulfobacteriota","Desulfobulbia","Desulfobulbales","Desulfobulbaceae","Candidatus Electrothrix",1
"Bacteria","Thermodesulfobacteriota","Desulfovibrionia","Desulfovibrionales","Desulfomicrobiaceae","Desulfoplanes",1
"Bacteria","Thermodesulfobacteriota","Desulfovibrionia","Desulfovibrionales","Desulfovibrionaceae","Maridesulfovibrio",1
"Bacteria","Thermodesulfobacteriota","Desulfuromonadia","Geobacterales","Geobacteraceae","Pelotalea",1
"Bacteria","Thermodesulfobacteriota","Syntrophia","Syntrophales","Syntrophaceae","Syntrophus",1
"Bacteria","Verrucomicrobiota","Verrucomicrobiia","Chthoniobacterales","Chthoniobacteraceae","Candidatus Udaeobacter",1
"Bacteria","Verrucomicrobiota","Verrucomicrobiia","Opitutales","Puniceicoccaceae","Puniceicoccus",1
"Bacteria","Verrucomicrobiota","Verrucomicrobiia","Pedosphaerales","Pedosphaeraceae","DEV114",1
"Bacteria","Verrucomicrobiota","Verrucomicrobiia","Pedosphaerales","Pedosphaeraceae","SH3-11",1
